name,maths,science,english,dept,total,average
Alice,85.0,92,78,CS,255.0,85.0
Bob,90.0,85,95,CS,270.0,90.0
Charlie,78.0,80,82,EC,240.0,80.0
David,0.0,88,91,EC,179.0,59.666666666666664
Eve,92.0,95,89,CS,276.0,92.0
Frank,45.0,50,40,ME,135.0,45.0
Grace,88.0,70,85,ME,243.0,81.0
Heidi,76.0,79,80,CS,235.0,78.33333333333333
